{
  "year": 2023,
  "total_clinical": 4726888203.067,
  "total_bureaucratic": 2661536081.578,
  "admin_tax_percentage": 36.023054159319734,
  "total_budget": 85500000000.0,
  "healthcare_portion_percentage": 0.41829745596868884
}